Classification_Model,Parameters,auc,time
KNN,"KNeighborsClassifier(algorithm='ball_tree', leaf_size=30, metric='minkowski',
           metric_params=None, n_neighbors=1, p=2, weights='uniform')",0.50502013869947215,8.52924108505249
KNN,"KNeighborsClassifier(algorithm='ball_tree', leaf_size=30, metric='minkowski',
           metric_params=None, n_neighbors=1, p=2, weights='distance')",0.50502013869947215,16.919592142105103
KNN,"KNeighborsClassifier(algorithm='ball_tree', leaf_size=30, metric='minkowski',
           metric_params=None, n_neighbors=5, p=2, weights='uniform')",0.50637511445755501,24.736189126968384
KNN,"KNeighborsClassifier(algorithm='ball_tree', leaf_size=30, metric='minkowski',
           metric_params=None, n_neighbors=5, p=2, weights='distance')",0.50686261229332485,33.77424097061157
KNN,"KNeighborsClassifier(algorithm='ball_tree', leaf_size=30, metric='minkowski',
           metric_params=None, n_neighbors=10, p=2, weights='uniform')",0.52012256568199078,41.460692167282104
KNN,"KNeighborsClassifier(algorithm='ball_tree', leaf_size=30, metric='minkowski',
           metric_params=None, n_neighbors=10, p=2, weights='distance')",0.51902147607950688,49.16830110549927
KNN,"KNeighborsClassifier(algorithm='ball_tree', leaf_size=30, metric='minkowski',
           metric_params=None, n_neighbors=25, p=2, weights='uniform')",0.52939492543886579,58.097570180892944
KNN,"KNeighborsClassifier(algorithm='ball_tree', leaf_size=30, metric='minkowski',
           metric_params=None, n_neighbors=25, p=2, weights='distance')",0.52816146522198248,66.88381600379944
RF,"RandomForestClassifier(bootstrap=True, class_weight=None, criterion='gini',
            max_depth=1, max_features='sqrt', max_leaf_nodes=None,
            min_samples_leaf=1, min_samples_split=2,
            min_weight_fraction_leaf=0.0, n_estimators=1, n_jobs=-1,
            oob_score=False, random_state=None, verbose=0,
            warm_start=False)",0.60050225548286684,0.1261751651763916
RF,"RandomForestClassifier(bootstrap=True, class_weight=None, criterion='gini',
            max_depth=1, max_features='sqrt', max_leaf_nodes=None,
            min_samples_leaf=1, min_samples_split=2,
            min_weight_fraction_leaf=0.0, n_estimators=10, n_jobs=-1,
            oob_score=False, random_state=None, verbose=0,
            warm_start=False)",0.79714778924791341,0.671518087387085
RF,"RandomForestClassifier(bootstrap=True, class_weight=None, criterion='gini',
            max_depth=1, max_features='sqrt', max_leaf_nodes=None,
            min_samples_leaf=1, min_samples_split=2,
            min_weight_fraction_leaf=0.0, n_estimators=100, n_jobs=-1,
            oob_score=False, random_state=None, verbose=0,
            warm_start=False)",0.82889077206900708,3.0818819999694824
RF,"RandomForestClassifier(bootstrap=True, class_weight=None, criterion='gini',
            max_depth=1, max_features='sqrt', max_leaf_nodes=None,
            min_samples_leaf=1, min_samples_split=5,
            min_weight_fraction_leaf=0.0, n_estimators=1, n_jobs=-1,
            oob_score=False, random_state=None, verbose=0,
            warm_start=False)",0.66742102422132743,3.2082509994506836
RF,"RandomForestClassifier(bootstrap=True, class_weight=None, criterion='gini',
            max_depth=1, max_features='sqrt', max_leaf_nodes=None,
            min_samples_leaf=1, min_samples_split=5,
            min_weight_fraction_leaf=0.0, n_estimators=10, n_jobs=-1,
            oob_score=False, random_state=None, verbose=0,
            warm_start=False)",0.81689532965903111,3.7538580894470215
RF,"RandomForestClassifier(bootstrap=True, class_weight=None, criterion='gini',
            max_depth=1, max_features='sqrt', max_leaf_nodes=None,
            min_samples_leaf=1, min_samples_split=5,
            min_weight_fraction_leaf=0.0, n_estimators=100, n_jobs=-1,
            oob_score=False, random_state=None, verbose=0,
            warm_start=False)",0.82955951461084976,6.8737170696258545
RF,"RandomForestClassifier(bootstrap=True, class_weight=None, criterion='gini',
            max_depth=1, max_features='sqrt', max_leaf_nodes=None,
            min_samples_leaf=1, min_samples_split=10,
            min_weight_fraction_leaf=0.0, n_estimators=1, n_jobs=-1,
            oob_score=False, random_state=None, verbose=0,
            warm_start=False)",0.61959702956874663,7.017046213150024
RF,"RandomForestClassifier(bootstrap=True, class_weight=None, criterion='gini',
            max_depth=1, max_features='sqrt', max_leaf_nodes=None,
            min_samples_leaf=1, min_samples_split=10,
            min_weight_fraction_leaf=0.0, n_estimators=10, n_jobs=-1,
            oob_score=False, random_state=None, verbose=0,
            warm_start=False)",0.82163869025418046,7.550089120864868
RF,"RandomForestClassifier(bootstrap=True, class_weight=None, criterion='gini',
            max_depth=1, max_features='sqrt', max_leaf_nodes=None,
            min_samples_leaf=1, min_samples_split=10,
            min_weight_fraction_leaf=0.0, n_estimators=100, n_jobs=-1,
            oob_score=False, random_state=None, verbose=0,
            warm_start=False)",0.82802385440853687,10.17090916633606
RF,"RandomForestClassifier(bootstrap=True, class_weight=None, criterion='gini',
            max_depth=1, max_features='log2', max_leaf_nodes=None,
            min_samples_leaf=1, min_samples_split=2,
            min_weight_fraction_leaf=0.0, n_estimators=1, n_jobs=-1,
            oob_score=False, random_state=None, verbose=0,
            warm_start=False)",0.65429713567358549,10.298843145370483
RF,"RandomForestClassifier(bootstrap=True, class_weight=None, criterion='gini',
            max_depth=1, max_features='log2', max_leaf_nodes=None,
            min_samples_leaf=1, min_samples_split=2,
            min_weight_fraction_leaf=0.0, n_estimators=10, n_jobs=-1,
            oob_score=False, random_state=None, verbose=0,
            warm_start=False)",0.80254399495512219,10.727950096130371
RF,"RandomForestClassifier(bootstrap=True, class_weight=None, criterion='gini',
            max_depth=1, max_features='log2', max_leaf_nodes=None,
            min_samples_leaf=1, min_samples_split=2,
            min_weight_fraction_leaf=0.0, n_estimators=100, n_jobs=-1,
            oob_score=False, random_state=None, verbose=0,
            warm_start=False)",0.82783087922013499,13.743935108184814
RF,"RandomForestClassifier(bootstrap=True, class_weight=None, criterion='gini',
            max_depth=1, max_features='log2', max_leaf_nodes=None,
            min_samples_leaf=1, min_samples_split=5,
            min_weight_fraction_leaf=0.0, n_estimators=1, n_jobs=-1,
            oob_score=False, random_state=None, verbose=0,
            warm_start=False)",0.66742102422132743,13.875798225402832
RF,"RandomForestClassifier(bootstrap=True, class_weight=None, criterion='gini',
            max_depth=1, max_features='log2', max_leaf_nodes=None,
            min_samples_leaf=1, min_samples_split=5,
            min_weight_fraction_leaf=0.0, n_estimators=10, n_jobs=-1,
            oob_score=False, random_state=None, verbose=0,
            warm_start=False)",0.81144089173655964,14.308574199676514
RF,"RandomForestClassifier(bootstrap=True, class_weight=None, criterion='gini',
            max_depth=1, max_features='log2', max_leaf_nodes=None,
            min_samples_leaf=1, min_samples_split=5,
            min_weight_fraction_leaf=0.0, n_estimators=100, n_jobs=-1,
            oob_score=False, random_state=None, verbose=0,
            warm_start=False)",0.82868551489052544,17.740334033966064
RF,"RandomForestClassifier(bootstrap=True, class_weight=None, criterion='gini',
            max_depth=1, max_features='log2', max_leaf_nodes=None,
            min_samples_leaf=1, min_samples_split=10,
            min_weight_fraction_leaf=0.0, n_estimators=1, n_jobs=-1,
            oob_score=False, random_state=None, verbose=0,
            warm_start=False)",0.60050225548286684,17.87085199356079
RF,"RandomForestClassifier(bootstrap=True, class_weight=None, criterion='gini',
            max_depth=1, max_features='log2', max_leaf_nodes=None,
            min_samples_leaf=1, min_samples_split=10,
            min_weight_fraction_leaf=0.0, n_estimators=10, n_jobs=-1,
            oob_score=False, random_state=None, verbose=0,
            warm_start=False)",0.7957673215759935,18.30258321762085
RF,"RandomForestClassifier(bootstrap=True, class_weight=None, criterion='gini',
            max_depth=1, max_features='log2', max_leaf_nodes=None,
            min_samples_leaf=1, min_samples_split=10,
            min_weight_fraction_leaf=0.0, n_estimators=100, n_jobs=-1,
            oob_score=False, random_state=None, verbose=0,
            warm_start=False)",0.83078462342464221,20.904420137405396
RF,"RandomForestClassifier(bootstrap=True, class_weight=None, criterion='gini',
            max_depth=5, max_features='sqrt', max_leaf_nodes=None,
            min_samples_leaf=1, min_samples_split=2,
            min_weight_fraction_leaf=0.0, n_estimators=1, n_jobs=-1,
            oob_score=False, random_state=None, verbose=0,
            warm_start=False)",0.79814951116016208,21.142426013946533
RF,"RandomForestClassifier(bootstrap=True, class_weight=None, criterion='gini',
            max_depth=5, max_features='sqrt', max_leaf_nodes=None,
            min_samples_leaf=1, min_samples_split=2,
            min_weight_fraction_leaf=0.0, n_estimators=10, n_jobs=-1,
            oob_score=False, random_state=None, verbose=0,
            warm_start=False)",0.84580800971690129,21.985913038253784
RF,"RandomForestClassifier(bootstrap=True, class_weight=None, criterion='gini',
            max_depth=5, max_features='sqrt', max_leaf_nodes=None,
            min_samples_leaf=1, min_samples_split=2,
            min_weight_fraction_leaf=0.0, n_estimators=100, n_jobs=-1,
            oob_score=False, random_state=None, verbose=0,
            warm_start=False)",0.85048774557655316,29.094463109970093
RF,"RandomForestClassifier(bootstrap=True, class_weight=None, criterion='gini',
            max_depth=5, max_features='sqrt', max_leaf_nodes=None,
            min_samples_leaf=1, min_samples_split=5,
            min_weight_fraction_leaf=0.0, n_estimators=1, n_jobs=-1,
            oob_score=False, random_state=None, verbose=0,
            warm_start=False)",0.76266343647701329,29.326717138290405
RF,"RandomForestClassifier(bootstrap=True, class_weight=None, criterion='gini',
            max_depth=5, max_features='sqrt', max_leaf_nodes=None,
            min_samples_leaf=1, min_samples_split=5,
            min_weight_fraction_leaf=0.0, n_estimators=10, n_jobs=-1,
            oob_score=False, random_state=None, verbose=0,
            warm_start=False)",0.84785625698062173,30.167639017105103
RF,"RandomForestClassifier(bootstrap=True, class_weight=None, criterion='gini',
            max_depth=5, max_features='sqrt', max_leaf_nodes=None,
            min_samples_leaf=1, min_samples_split=5,
            min_weight_fraction_leaf=0.0, n_estimators=100, n_jobs=-1,
            oob_score=False, random_state=None, verbose=0,
            warm_start=False)",0.84973498126650737,37.42177200317383
RF,"RandomForestClassifier(bootstrap=True, class_weight=None, criterion='gini',
            max_depth=5, max_features='sqrt', max_leaf_nodes=None,
            min_samples_leaf=1, min_samples_split=10,
            min_weight_fraction_leaf=0.0, n_estimators=1, n_jobs=-1,
            oob_score=False, random_state=None, verbose=0,
            warm_start=False)",0.80741806288732587,37.65071511268616
RF,"RandomForestClassifier(bootstrap=True, class_weight=None, criterion='gini',
            max_depth=5, max_features='sqrt', max_leaf_nodes=None,
            min_samples_leaf=1, min_samples_split=10,
            min_weight_fraction_leaf=0.0, n_estimators=10, n_jobs=-1,
            oob_score=False, random_state=None, verbose=0,
            warm_start=False)",0.84634524829938218,38.59768104553223
RF,"RandomForestClassifier(bootstrap=True, class_weight=None, criterion='gini',
            max_depth=5, max_features='sqrt', max_leaf_nodes=None,
            min_samples_leaf=1, min_samples_split=10,
            min_weight_fraction_leaf=0.0, n_estimators=100, n_jobs=-1,
            oob_score=False, random_state=None, verbose=0,
            warm_start=False)",0.85020162685682377,45.94077920913696
RF,"RandomForestClassifier(bootstrap=True, class_weight=None, criterion='gini',
            max_depth=5, max_features='log2', max_leaf_nodes=None,
            min_samples_leaf=1, min_samples_split=2,
            min_weight_fraction_leaf=0.0, n_estimators=1, n_jobs=-1,
            oob_score=False, random_state=None, verbose=0,
            warm_start=False)",0.78573429256463723,46.1668701171875
RF,"RandomForestClassifier(bootstrap=True, class_weight=None, criterion='gini',
            max_depth=5, max_features='log2', max_leaf_nodes=None,
            min_samples_leaf=1, min_samples_split=2,
            min_weight_fraction_leaf=0.0, n_estimators=10, n_jobs=-1,
            oob_score=False, random_state=None, verbose=0,
            warm_start=False)",0.84820227994705033,47.103687047958374
RF,"RandomForestClassifier(bootstrap=True, class_weight=None, criterion='gini',
            max_depth=5, max_features='log2', max_leaf_nodes=None,
            min_samples_leaf=1, min_samples_split=2,
            min_weight_fraction_leaf=0.0, n_estimators=100, n_jobs=-1,
            oob_score=False, random_state=None, verbose=0,
            warm_start=False)",0.85012822380135522,54.13959503173828
RF,"RandomForestClassifier(bootstrap=True, class_weight=None, criterion='gini',
            max_depth=5, max_features='log2', max_leaf_nodes=None,
            min_samples_leaf=1, min_samples_split=5,
            min_weight_fraction_leaf=0.0, n_estimators=1, n_jobs=-1,
            oob_score=False, random_state=None, verbose=0,
            warm_start=False)",0.81007342389020576,54.382721185684204
RF,"RandomForestClassifier(bootstrap=True, class_weight=None, criterion='gini',
            max_depth=5, max_features='log2', max_leaf_nodes=None,
            min_samples_leaf=1, min_samples_split=5,
            min_weight_fraction_leaf=0.0, n_estimators=10, n_jobs=-1,
            oob_score=False, random_state=None, verbose=0,
            warm_start=False)",0.84732110187186815,55.430352210998535
RF,"RandomForestClassifier(bootstrap=True, class_weight=None, criterion='gini',
            max_depth=5, max_features='log2', max_leaf_nodes=None,
            min_samples_leaf=1, min_samples_split=5,
            min_weight_fraction_leaf=0.0, n_estimators=100, n_jobs=-1,
            oob_score=False, random_state=None, verbose=0,
            warm_start=False)",0.85024770839337549,62.76752305030823
RF,"RandomForestClassifier(bootstrap=True, class_weight=None, criterion='gini',
            max_depth=5, max_features='log2', max_leaf_nodes=None,
            min_samples_leaf=1, min_samples_split=10,
            min_weight_fraction_leaf=0.0, n_estimators=1, n_jobs=-1,
            oob_score=False, random_state=None, verbose=0,
            warm_start=False)",0.817862823074335,63.001742124557495
RF,"RandomForestClassifier(bootstrap=True, class_weight=None, criterion='gini',
            max_depth=5, max_features='log2', max_leaf_nodes=None,
            min_samples_leaf=1, min_samples_split=10,
            min_weight_fraction_leaf=0.0, n_estimators=10, n_jobs=-1,
            oob_score=False, random_state=None, verbose=0,
            warm_start=False)",0.84898261964466037,63.93695402145386
RF,"RandomForestClassifier(bootstrap=True, class_weight=None, criterion='gini',
            max_depth=5, max_features='log2', max_leaf_nodes=None,
            min_samples_leaf=1, min_samples_split=10,
            min_weight_fraction_leaf=0.0, n_estimators=100, n_jobs=-1,
            oob_score=False, random_state=None, verbose=0,
            warm_start=False)",0.84985931562510231,71.64620304107666
RF,"RandomForestClassifier(bootstrap=True, class_weight=None, criterion='gini',
            max_depth=10, max_features='sqrt', max_leaf_nodes=None,
            min_samples_leaf=1, min_samples_split=2,
            min_weight_fraction_leaf=0.0, n_estimators=1, n_jobs=-1,
            oob_score=False, random_state=None, verbose=0,
            warm_start=False)",0.78885921427023331,72.12413620948792
RF,"RandomForestClassifier(bootstrap=True, class_weight=None, criterion='gini',
            max_depth=10, max_features='sqrt', max_leaf_nodes=None,
            min_samples_leaf=1, min_samples_split=2,
            min_weight_fraction_leaf=0.0, n_estimators=10, n_jobs=-1,
            oob_score=False, random_state=None, verbose=0,
            warm_start=False)",0.85278991401223792,73.78230118751526
RF,"RandomForestClassifier(bootstrap=True, class_weight=None, criterion='gini',
            max_depth=10, max_features='sqrt', max_leaf_nodes=None,
            min_samples_leaf=1, min_samples_split=2,
            min_weight_fraction_leaf=0.0, n_estimators=100, n_jobs=-1,
            oob_score=False, random_state=None, verbose=0,
            warm_start=False)",0.85486351312433495,89.90877413749695
RF,"RandomForestClassifier(bootstrap=True, class_weight=None, criterion='gini',
            max_depth=10, max_features='sqrt', max_leaf_nodes=None,
            min_samples_leaf=1, min_samples_split=5,
            min_weight_fraction_leaf=0.0, n_estimators=1, n_jobs=-1,
            oob_score=False, random_state=None, verbose=0,
            warm_start=False)",0.81079636301122615,90.35754108428955
RF,"RandomForestClassifier(bootstrap=True, class_weight=None, criterion='gini',
            max_depth=10, max_features='sqrt', max_leaf_nodes=None,
            min_samples_leaf=1, min_samples_split=5,
            min_weight_fraction_leaf=0.0, n_estimators=10, n_jobs=-1,
            oob_score=False, random_state=None, verbose=0,
            warm_start=False)",0.85081387924757046,92.21787619590759
RF,"RandomForestClassifier(bootstrap=True, class_weight=None, criterion='gini',
            max_depth=10, max_features='sqrt', max_leaf_nodes=None,
            min_samples_leaf=1, min_samples_split=5,
            min_weight_fraction_leaf=0.0, n_estimators=100, n_jobs=-1,
            oob_score=False, random_state=None, verbose=0,
            warm_start=False)",0.85462653987310877,109.7972822189331
RF,"RandomForestClassifier(bootstrap=True, class_weight=None, criterion='gini',
            max_depth=10, max_features='sqrt', max_leaf_nodes=None,
            min_samples_leaf=1, min_samples_split=10,
            min_weight_fraction_leaf=0.0, n_estimators=1, n_jobs=-1,
            oob_score=False, random_state=None, verbose=0,
            warm_start=False)",0.80889706661080862,110.23971009254456
RF,"RandomForestClassifier(bootstrap=True, class_weight=None, criterion='gini',
            max_depth=10, max_features='sqrt', max_leaf_nodes=None,
            min_samples_leaf=1, min_samples_split=10,
            min_weight_fraction_leaf=0.0, n_estimators=10, n_jobs=-1,
            oob_score=False, random_state=None, verbose=0,
            warm_start=False)",0.85229751388534569,112.43679904937744
RF,"RandomForestClassifier(bootstrap=True, class_weight=None, criterion='gini',
            max_depth=10, max_features='sqrt', max_leaf_nodes=None,
            min_samples_leaf=1, min_samples_split=10,
            min_weight_fraction_leaf=0.0, n_estimators=100, n_jobs=-1,
            oob_score=False, random_state=None, verbose=0,
            warm_start=False)",0.85528929461650871,132.9092321395874
RF,"RandomForestClassifier(bootstrap=True, class_weight=None, criterion='gini',
            max_depth=10, max_features='log2', max_leaf_nodes=None,
            min_samples_leaf=1, min_samples_split=2,
            min_weight_fraction_leaf=0.0, n_estimators=1, n_jobs=-1,
            oob_score=False, random_state=None, verbose=0,
            warm_start=False)",0.80580001793188061,133.1414279937744
RF,"RandomForestClassifier(bootstrap=True, class_weight=None, criterion='gini',
            max_depth=10, max_features='log2', max_leaf_nodes=None,
            min_samples_leaf=1, min_samples_split=2,
            min_weight_fraction_leaf=0.0, n_estimators=10, n_jobs=-1,
            oob_score=False, random_state=None, verbose=0,
            warm_start=False)",0.85286048949621973,134.7030861377716
RF,"RandomForestClassifier(bootstrap=True, class_weight=None, criterion='gini',
            max_depth=10, max_features='log2', max_leaf_nodes=None,
            min_samples_leaf=1, min_samples_split=2,
            min_weight_fraction_leaf=0.0, n_estimators=100, n_jobs=-1,
            oob_score=False, random_state=None, verbose=0,
            warm_start=False)",0.85484255582978619,147.78669118881226
RF,"RandomForestClassifier(bootstrap=True, class_weight=None, criterion='gini',
            max_depth=10, max_features='log2', max_leaf_nodes=None,
            min_samples_leaf=1, min_samples_split=5,
            min_weight_fraction_leaf=0.0, n_estimators=1, n_jobs=-1,
            oob_score=False, random_state=None, verbose=0,
            warm_start=False)",0.81258339694493775,148.1275451183319
RF,"RandomForestClassifier(bootstrap=True, class_weight=None, criterion='gini',
            max_depth=10, max_features='log2', max_leaf_nodes=None,
            min_samples_leaf=1, min_samples_split=5,
            min_weight_fraction_leaf=0.0, n_estimators=10, n_jobs=-1,
            oob_score=False, random_state=None, verbose=0,
            warm_start=False)",0.85173323391486944,149.57710099220276
RF,"RandomForestClassifier(bootstrap=True, class_weight=None, criterion='gini',
            max_depth=10, max_features='log2', max_leaf_nodes=None,
            min_samples_leaf=1, min_samples_split=5,
            min_weight_fraction_leaf=0.0, n_estimators=100, n_jobs=-1,
            oob_score=False, random_state=None, verbose=0,
            warm_start=False)",0.85529093163157988,163.26307320594788
RF,"RandomForestClassifier(bootstrap=True, class_weight=None, criterion='gini',
            max_depth=10, max_features='log2', max_leaf_nodes=None,
            min_samples_leaf=1, min_samples_split=10,
            min_weight_fraction_leaf=0.0, n_estimators=1, n_jobs=-1,
            oob_score=False, random_state=None, verbose=0,
            warm_start=False)",0.80068523875146969,163.59542417526245
RF,"RandomForestClassifier(bootstrap=True, class_weight=None, criterion='gini',
            max_depth=10, max_features='log2', max_leaf_nodes=None,
            min_samples_leaf=1, min_samples_split=10,
            min_weight_fraction_leaf=0.0, n_estimators=10, n_jobs=-1,
            oob_score=False, random_state=None, verbose=0,
            warm_start=False)",0.85156501529663642,164.9304871559143
RF,"RandomForestClassifier(bootstrap=True, class_weight=None, criterion='gini',
            max_depth=10, max_features='log2', max_leaf_nodes=None,
            min_samples_leaf=1, min_samples_split=10,
            min_weight_fraction_leaf=0.0, n_estimators=100, n_jobs=-1,
            oob_score=False, random_state=None, verbose=0,
            warm_start=False)",0.85473666634153966,180.21241903305054
RF,"RandomForestClassifier(bootstrap=True, class_weight=None, criterion='gini',
            max_depth=20, max_features='sqrt', max_leaf_nodes=None,
            min_samples_leaf=1, min_samples_split=2,
            min_weight_fraction_leaf=0.0, n_estimators=1, n_jobs=-1,
            oob_score=False, random_state=None, verbose=0,
            warm_start=False)",0.61065820069002907,180.75735211372375
RF,"RandomForestClassifier(bootstrap=True, class_weight=None, criterion='gini',
            max_depth=20, max_features='sqrt', max_leaf_nodes=None,
            min_samples_leaf=1, min_samples_split=2,
            min_weight_fraction_leaf=0.0, n_estimators=10, n_jobs=-1,
            oob_score=False, random_state=None, verbose=0,
            warm_start=False)",0.8203078407716935,183.311350107193
RF,"RandomForestClassifier(bootstrap=True, class_weight=None, criterion='gini',
            max_depth=20, max_features='sqrt', max_leaf_nodes=None,
            min_samples_leaf=1, min_samples_split=2,
            min_weight_fraction_leaf=0.0, n_estimators=100, n_jobs=-1,
            oob_score=False, random_state=None, verbose=0,
            warm_start=False)",0.84620016674442922,206.89085817337036
RF,"RandomForestClassifier(bootstrap=True, class_weight=None, criterion='gini',
            max_depth=20, max_features='sqrt', max_leaf_nodes=None,
            min_samples_leaf=1, min_samples_split=5,
            min_weight_fraction_leaf=0.0, n_estimators=1, n_jobs=-1,
            oob_score=False, random_state=None, verbose=0,
            warm_start=False)",0.65243499163660368,207.2459421157837
RF,"RandomForestClassifier(bootstrap=True, class_weight=None, criterion='gini',
            max_depth=20, max_features='sqrt', max_leaf_nodes=None,
            min_samples_leaf=1, min_samples_split=5,
            min_weight_fraction_leaf=0.0, n_estimators=10, n_jobs=-1,
            oob_score=False, random_state=None, verbose=0,
            warm_start=False)",0.82251494853005769,209.6924819946289
RF,"RandomForestClassifier(bootstrap=True, class_weight=None, criterion='gini',
            max_depth=20, max_features='sqrt', max_leaf_nodes=None,
            min_samples_leaf=1, min_samples_split=5,
            min_weight_fraction_leaf=0.0, n_estimators=100, n_jobs=-1,
            oob_score=False, random_state=None, verbose=0,
            warm_start=False)",0.8455901116305965,231.54208302497864
RF,"RandomForestClassifier(bootstrap=True, class_weight=None, criterion='gini',
            max_depth=20, max_features='sqrt', max_leaf_nodes=None,
            min_samples_leaf=1, min_samples_split=10,
            min_weight_fraction_leaf=0.0, n_estimators=1, n_jobs=-1,
            oob_score=False, random_state=None, verbose=0,
            warm_start=False)",0.66960244747584607,232.0847680568695
RF,"RandomForestClassifier(bootstrap=True, class_weight=None, criterion='gini',
            max_depth=20, max_features='sqrt', max_leaf_nodes=None,
            min_samples_leaf=1, min_samples_split=10,
            min_weight_fraction_leaf=0.0, n_estimators=10, n_jobs=-1,
            oob_score=False, random_state=None, verbose=0,
            warm_start=False)",0.83139384689980245,234.1293442249298
RF,"RandomForestClassifier(bootstrap=True, class_weight=None, criterion='gini',
            max_depth=20, max_features='sqrt', max_leaf_nodes=None,
            min_samples_leaf=1, min_samples_split=10,
            min_weight_fraction_leaf=0.0, n_estimators=100, n_jobs=-1,
            oob_score=False, random_state=None, verbose=0,
            warm_start=False)",0.84780810947852547,252.81594610214233
RF,"RandomForestClassifier(bootstrap=True, class_weight=None, criterion='gini',
            max_depth=20, max_features='log2', max_leaf_nodes=None,
            min_samples_leaf=1, min_samples_split=2,
            min_weight_fraction_leaf=0.0, n_estimators=1, n_jobs=-1,
            oob_score=False, random_state=None, verbose=0,
            warm_start=False)",0.57224628109131515,253.25106120109558
RF,"RandomForestClassifier(bootstrap=True, class_weight=None, criterion='gini',
            max_depth=20, max_features='log2', max_leaf_nodes=None,
            min_samples_leaf=1, min_samples_split=2,
            min_weight_fraction_leaf=0.0, n_estimators=10, n_jobs=-1,
            oob_score=False, random_state=None, verbose=0,
            warm_start=False)",0.8189780855506178,255.4119110107422
RF,"RandomForestClassifier(bootstrap=True, class_weight=None, criterion='gini',
            max_depth=20, max_features='log2', max_leaf_nodes=None,
            min_samples_leaf=1, min_samples_split=2,
            min_weight_fraction_leaf=0.0, n_estimators=100, n_jobs=-1,
            oob_score=False, random_state=None, verbose=0,
            warm_start=False)",0.84630957537737461,279.8553349971771
RF,"RandomForestClassifier(bootstrap=True, class_weight=None, criterion='gini',
            max_depth=20, max_features='log2', max_leaf_nodes=None,
            min_samples_leaf=1, min_samples_split=5,
            min_weight_fraction_leaf=0.0, n_estimators=1, n_jobs=-1,
            oob_score=False, random_state=None, verbose=0,
            warm_start=False)",0.63283738254701372,280.30087518692017
RF,"RandomForestClassifier(bootstrap=True, class_weight=None, criterion='gini',
            max_depth=20, max_features='log2', max_leaf_nodes=None,
            min_samples_leaf=1, min_samples_split=5,
            min_weight_fraction_leaf=0.0, n_estimators=10, n_jobs=-1,
            oob_score=False, random_state=None, verbose=0,
            warm_start=False)",0.82200350825460911,282.95903515815735
RF,"RandomForestClassifier(bootstrap=True, class_weight=None, criterion='gini',
            max_depth=20, max_features='log2', max_leaf_nodes=None,
            min_samples_leaf=1, min_samples_split=5,
            min_weight_fraction_leaf=0.0, n_estimators=100, n_jobs=-1,
            oob_score=False, random_state=None, verbose=0,
            warm_start=False)",0.84775568122578848,305.8718521595001
RF,"RandomForestClassifier(bootstrap=True, class_weight=None, criterion='gini',
            max_depth=20, max_features='log2', max_leaf_nodes=None,
            min_samples_leaf=1, min_samples_split=10,
            min_weight_fraction_leaf=0.0, n_estimators=1, n_jobs=-1,
            oob_score=False, random_state=None, verbose=0,
            warm_start=False)",0.65846460837320775,306.4187161922455
RF,"RandomForestClassifier(bootstrap=True, class_weight=None, criterion='gini',
            max_depth=20, max_features='log2', max_leaf_nodes=None,
            min_samples_leaf=1, min_samples_split=10,
            min_weight_fraction_leaf=0.0, n_estimators=10, n_jobs=-1,
            oob_score=False, random_state=None, verbose=0,
            warm_start=False)",0.83233006194692638,308.665048122406
RF,"RandomForestClassifier(bootstrap=True, class_weight=None, criterion='gini',
            max_depth=20, max_features='log2', max_leaf_nodes=None,
            min_samples_leaf=1, min_samples_split=10,
            min_weight_fraction_leaf=0.0, n_estimators=100, n_jobs=-1,
            oob_score=False, random_state=None, verbose=0,
            warm_start=False)",0.84919851304406002,330.46429109573364
LR,"LogisticRegression(C=1e-05, class_weight=None, dual=False, fit_intercept=True,
          intercept_scaling=1, max_iter=100, multi_class='ovr',
          penalty='l1', random_state=None, solver='liblinear', tol=0.0001,
          verbose=0)",0.60215157880649206,0.49723005294799805
LR,"LogisticRegression(C=1e-05, class_weight=None, dual=False, fit_intercept=True,
          intercept_scaling=1, max_iter=100, multi_class='ovr',
          penalty='l2', random_state=None, solver='liblinear', tol=0.0001,
          verbose=0)",0.65129720488343124,2.168670892715454
LR,"LogisticRegression(C=0.0001, class_weight=None, dual=False,
          fit_intercept=True, intercept_scaling=1, max_iter=100,
          multi_class='ovr', penalty='l1', random_state=None,
          solver='liblinear', tol=0.0001, verbose=0)",0.6471458922363309,2.609994888305664
LR,"LogisticRegression(C=0.0001, class_weight=None, dual=False,
          fit_intercept=True, intercept_scaling=1, max_iter=100,
          multi_class='ovr', penalty='l2', random_state=None,
          solver='liblinear', tol=0.0001, verbose=0)",0.65171976487001027,4.272853851318359
LR,"LogisticRegression(C=0.001, class_weight=None, dual=False, fit_intercept=True,
          intercept_scaling=1, max_iter=100, multi_class='ovr',
          penalty='l1', random_state=None, solver='liblinear', tol=0.0001,
          verbose=0)",0.67029036147761434,5.638879060745239
LR,"LogisticRegression(C=0.001, class_weight=None, dual=False, fit_intercept=True,
          intercept_scaling=1, max_iter=100, multi_class='ovr',
          penalty='l2', random_state=None, solver='liblinear', tol=0.0001,
          verbose=0)",0.65175927208400297,7.338356971740723
LR,"LogisticRegression(C=0.01, class_weight=None, dual=False, fit_intercept=True,
          intercept_scaling=1, max_iter=100, multi_class='ovr',
          penalty='l1', random_state=None, solver='liblinear', tol=0.0001,
          verbose=0)",0.69413184022151631,10.650500059127808
LR,"LogisticRegression(C=0.01, class_weight=None, dual=False, fit_intercept=True,
          intercept_scaling=1, max_iter=100, multi_class='ovr',
          penalty='l2', random_state=None, solver='liblinear', tol=0.0001,
          verbose=0)",0.65176392926056936,12.313809871673584
LR,"LogisticRegression(C=0.1, class_weight=None, dual=False, fit_intercept=True,
          intercept_scaling=1, max_iter=100, multi_class='ovr',
          penalty='l1', random_state=None, solver='liblinear', tol=0.0001,
          verbose=0)",0.69328658893698902,17.681539058685303
LR,"LogisticRegression(C=0.1, class_weight=None, dual=False, fit_intercept=True,
          intercept_scaling=1, max_iter=100, multi_class='ovr',
          penalty='l2', random_state=None, solver='liblinear', tol=0.0001,
          verbose=0)",0.65176414811285155,19.4479238986969
GB,"GradientBoostingClassifier(init=None, learning_rate=0.01, loss='deviance',
              max_depth=1, max_features=None, max_leaf_nodes=None,
              min_samples_leaf=1, min_samples_split=2,
              min_weight_fraction_leaf=0.0, n_estimators=1,
              random_state=None, subsample=0.1, verbose=0,
              warm_start=False)",0.65429713567358549,0.23436498641967773
GB,"GradientBoostingClassifier(init=None, learning_rate=0.01, loss='deviance',
              max_depth=1, max_features=None, max_leaf_nodes=None,
              min_samples_leaf=1, min_samples_split=2,
              min_weight_fraction_leaf=0.0, n_estimators=1,
              random_state=None, subsample=0.5, verbose=0,
              warm_start=False)",0.65429713567358549,0.4917008876800537
GB,"GradientBoostingClassifier(init=None, learning_rate=0.01, loss='deviance',
              max_depth=1, max_features=None, max_leaf_nodes=None,
              min_samples_leaf=1, min_samples_split=2,
              min_weight_fraction_leaf=0.0, n_estimators=10,
              random_state=None, subsample=0.1, verbose=0,
              warm_start=False)",0.65429713567358549,1.235511064529419
GB,"GradientBoostingClassifier(init=None, learning_rate=0.01, loss='deviance',
              max_depth=1, max_features=None, max_leaf_nodes=None,
              min_samples_leaf=1, min_samples_split=2,
              min_weight_fraction_leaf=0.0, n_estimators=10,
              random_state=None, subsample=0.5, verbose=0,
              warm_start=False)",0.65429713567358549,2.4499518871307373
GB,"GradientBoostingClassifier(init=None, learning_rate=0.01, loss='deviance',
              max_depth=1, max_features=None, max_leaf_nodes=None,
              min_samples_leaf=1, min_samples_split=2,
              min_weight_fraction_leaf=0.0, n_estimators=100,
              random_state=None, subsample=0.1, verbose=0,
              warm_start=False)",0.82532065229675566,8.071233987808228
GB,"GradientBoostingClassifier(init=None, learning_rate=0.01, loss='deviance',
              max_depth=1, max_features=None, max_leaf_nodes=None,
              min_samples_leaf=1, min_samples_split=2,
              min_weight_fraction_leaf=0.0, n_estimators=100,
              random_state=None, subsample=0.5, verbose=0,
              warm_start=False)",0.82257293563076406,18.22768807411194
GB,"GradientBoostingClassifier(init=None, learning_rate=0.01, loss='deviance',
              max_depth=3, max_features=None, max_leaf_nodes=None,
              min_samples_leaf=1, min_samples_split=2,
              min_weight_fraction_leaf=0.0, n_estimators=1,
              random_state=None, subsample=0.1, verbose=0,
              warm_start=False)",0.76079222320145501,18.49354100227356
GB,"GradientBoostingClassifier(init=None, learning_rate=0.01, loss='deviance',
              max_depth=3, max_features=None, max_leaf_nodes=None,
              min_samples_leaf=1, min_samples_split=2,
              min_weight_fraction_leaf=0.0, n_estimators=1,
              random_state=None, subsample=0.5, verbose=0,
              warm_start=False)",0.78928589743380995,18.930387020111084
GB,"GradientBoostingClassifier(init=None, learning_rate=0.01, loss='deviance',
              max_depth=3, max_features=None, max_leaf_nodes=None,
              min_samples_leaf=1, min_samples_split=2,
              min_weight_fraction_leaf=0.0, n_estimators=10,
              random_state=None, subsample=0.1, verbose=0,
              warm_start=False)",0.83262784111625443,20.09671688079834
GB,"GradientBoostingClassifier(init=None, learning_rate=0.01, loss='deviance',
              max_depth=3, max_features=None, max_leaf_nodes=None,
              min_samples_leaf=1, min_samples_split=2,
              min_weight_fraction_leaf=0.0, n_estimators=10,
              random_state=None, subsample=0.5, verbose=0,
              warm_start=False)",0.82289646058257671,22.659563064575195
GB,"GradientBoostingClassifier(init=None, learning_rate=0.01, loss='deviance',
              max_depth=3, max_features=None, max_leaf_nodes=None,
              min_samples_leaf=1, min_samples_split=2,
              min_weight_fraction_leaf=0.0, n_estimators=100,
              random_state=None, subsample=0.1, verbose=0,
              warm_start=False)",0.8423321102292064,33.383322954177856
GB,"GradientBoostingClassifier(init=None, learning_rate=0.01, loss='deviance',
              max_depth=3, max_features=None, max_leaf_nodes=None,
              min_samples_leaf=1, min_samples_split=2,
              min_weight_fraction_leaf=0.0, n_estimators=100,
              random_state=None, subsample=0.5, verbose=0,
              warm_start=False)",0.83472793886268715,56.03982996940613
GB,"GradientBoostingClassifier(init=None, learning_rate=0.01, loss='deviance',
              max_depth=5, max_features=None, max_leaf_nodes=None,
              min_samples_leaf=1, min_samples_split=2,
              min_weight_fraction_leaf=0.0, n_estimators=1,
              random_state=None, subsample=0.1, verbose=0,
              warm_start=False)",0.81141763211600171,56.38697791099548
GB,"GradientBoostingClassifier(init=None, learning_rate=0.01, loss='deviance',
              max_depth=5, max_features=None, max_leaf_nodes=None,
              min_samples_leaf=1, min_samples_split=2,
              min_weight_fraction_leaf=0.0, n_estimators=1,
              random_state=None, subsample=0.5, verbose=0,
              warm_start=False)",0.83227463979496807,56.962790966033936
GB,"GradientBoostingClassifier(init=None, learning_rate=0.01, loss='deviance',
              max_depth=5, max_features=None, max_leaf_nodes=None,
              min_samples_leaf=1, min_samples_split=2,
              min_weight_fraction_leaf=0.0, n_estimators=10,
              random_state=None, subsample=0.1, verbose=0,
              warm_start=False)",0.84423721934624074,59.06840205192566
GB,"GradientBoostingClassifier(init=None, learning_rate=0.01, loss='deviance',
              max_depth=5, max_features=None, max_leaf_nodes=None,
              min_samples_leaf=1, min_samples_split=2,
              min_weight_fraction_leaf=0.0, n_estimators=10,
              random_state=None, subsample=0.5, verbose=0,
              warm_start=False)",0.84334004754627112,63.31137800216675
GB,"GradientBoostingClassifier(init=None, learning_rate=0.01, loss='deviance',
              max_depth=5, max_features=None, max_leaf_nodes=None,
              min_samples_leaf=1, min_samples_split=2,
              min_weight_fraction_leaf=0.0, n_estimators=100,
              random_state=None, subsample=0.1, verbose=0,
              warm_start=False)",0.85002446155729228,82.76389598846436
GB,"GradientBoostingClassifier(init=None, learning_rate=0.01, loss='deviance',
              max_depth=5, max_features=None, max_leaf_nodes=None,
              min_samples_leaf=1, min_samples_split=2,
              min_weight_fraction_leaf=0.0, n_estimators=100,
              random_state=None, subsample=0.5, verbose=0,
              warm_start=False)",0.84900578297021445,124.36102390289307
GB,"GradientBoostingClassifier(init=None, learning_rate=0.01, loss='deviance',
              max_depth=10, max_features=None, max_leaf_nodes=None,
              min_samples_leaf=1, min_samples_split=2,
              min_weight_fraction_leaf=0.0, n_estimators=1,
              random_state=None, subsample=0.1, verbose=0,
              warm_start=False)",0.68320662048813485,125.26934885978699
GB,"GradientBoostingClassifier(init=None, learning_rate=0.01, loss='deviance',
              max_depth=10, max_features=None, max_leaf_nodes=None,
              min_samples_leaf=1, min_samples_split=2,
              min_weight_fraction_leaf=0.0, n_estimators=1,
              random_state=None, subsample=0.5, verbose=0,
              warm_start=False)",0.79714930370570658,127.05452489852905
GB,"GradientBoostingClassifier(init=None, learning_rate=0.01, loss='deviance',
              max_depth=10, max_features=None, max_leaf_nodes=None,
              min_samples_leaf=1, min_samples_split=2,
              min_weight_fraction_leaf=0.0, n_estimators=10,
              random_state=None, subsample=0.1, verbose=0,
              warm_start=False)",0.84318763006281694,138.39543986320496
GB,"GradientBoostingClassifier(init=None, learning_rate=0.01, loss='deviance',
              max_depth=10, max_features=None, max_leaf_nodes=None,
              min_samples_leaf=1, min_samples_split=2,
              min_weight_fraction_leaf=0.0, n_estimators=10,
              random_state=None, subsample=0.5, verbose=0,
              warm_start=False)",0.84925797958619442,160.1568820476532
GB,"GradientBoostingClassifier(init=None, learning_rate=0.01, loss='deviance',
              max_depth=10, max_features=None, max_leaf_nodes=None,
              min_samples_leaf=1, min_samples_split=2,
              min_weight_fraction_leaf=0.0, n_estimators=100,
              random_state=None, subsample=0.1, verbose=0,
              warm_start=False)",0.85093174433270191,269.31034803390503
GB,"GradientBoostingClassifier(init=None, learning_rate=0.01, loss='deviance',
              max_depth=10, max_features=None, max_leaf_nodes=None,
              min_samples_leaf=1, min_samples_split=2,
              min_weight_fraction_leaf=0.0, n_estimators=100,
              random_state=None, subsample=0.5, verbose=0,
              warm_start=False)",0.85256482881698381,506.6519410610199
GB,"GradientBoostingClassifier(init=None, learning_rate=0.05, loss='deviance',
              max_depth=1, max_features=None, max_leaf_nodes=None,
              min_samples_leaf=1, min_samples_split=2,
              min_weight_fraction_leaf=0.0, n_estimators=1,
              random_state=None, subsample=0.1, verbose=0,
              warm_start=False)",0.65429713567358549,506.91186594963074
GB,"GradientBoostingClassifier(init=None, learning_rate=0.05, loss='deviance',
              max_depth=1, max_features=None, max_leaf_nodes=None,
              min_samples_leaf=1, min_samples_split=2,
              min_weight_fraction_leaf=0.0, n_estimators=1,
              random_state=None, subsample=0.5, verbose=0,
              warm_start=False)",0.65429713567358549,507.1870539188385
GB,"GradientBoostingClassifier(init=None, learning_rate=0.05, loss='deviance',
              max_depth=1, max_features=None, max_leaf_nodes=None,
              min_samples_leaf=1, min_samples_split=2,
              min_weight_fraction_leaf=0.0, n_estimators=10,
              random_state=None, subsample=0.1, verbose=0,
              warm_start=False)",0.78340990624525797,507.9557099342346
GB,"GradientBoostingClassifier(init=None, learning_rate=0.05, loss='deviance',
              max_depth=1, max_features=None, max_leaf_nodes=None,
              min_samples_leaf=1, min_samples_split=2,
              min_weight_fraction_leaf=0.0, n_estimators=10,
              random_state=None, subsample=0.5, verbose=0,
              warm_start=False)",0.79267886066062121,509.10557985305786
GB,"GradientBoostingClassifier(init=None, learning_rate=0.05, loss='deviance',
              max_depth=1, max_features=None, max_leaf_nodes=None,
              min_samples_leaf=1, min_samples_split=2,
              min_weight_fraction_leaf=0.0, n_estimators=100,
              random_state=None, subsample=0.1, verbose=0,
              warm_start=False)",0.84364559159457364,515.2242698669434
GB,"GradientBoostingClassifier(init=None, learning_rate=0.05, loss='deviance',
              max_depth=1, max_features=None, max_leaf_nodes=None,
              min_samples_leaf=1, min_samples_split=2,
              min_weight_fraction_leaf=0.0, n_estimators=100,
              random_state=None, subsample=0.5, verbose=0,
              warm_start=False)",0.84439974780513494,526.6684908866882
GB,"GradientBoostingClassifier(init=None, learning_rate=0.05, loss='deviance',
              max_depth=3, max_features=None, max_leaf_nodes=None,
              min_samples_leaf=1, min_samples_split=2,
              min_weight_fraction_leaf=0.0, n_estimators=1,
              random_state=None, subsample=0.1, verbose=0,
              warm_start=False)",0.79395317622155603,526.8955600261688
GB,"GradientBoostingClassifier(init=None, learning_rate=0.05, loss='deviance',
              max_depth=3, max_features=None, max_leaf_nodes=None,
              min_samples_leaf=1, min_samples_split=2,
              min_weight_fraction_leaf=0.0, n_estimators=1,
              random_state=None, subsample=0.5, verbose=0,
              warm_start=False)",0.79361954904839427,527.315388917923
GB,"GradientBoostingClassifier(init=None, learning_rate=0.05, loss='deviance',
              max_depth=3, max_features=None, max_leaf_nodes=None,
              min_samples_leaf=1, min_samples_split=2,
              min_weight_fraction_leaf=0.0, n_estimators=10,
              random_state=None, subsample=0.1, verbose=0,
              warm_start=False)",0.82885800550530786,528.5018148422241
GB,"GradientBoostingClassifier(init=None, learning_rate=0.05, loss='deviance',
              max_depth=3, max_features=None, max_leaf_nodes=None,
              min_samples_leaf=1, min_samples_split=2,
              min_weight_fraction_leaf=0.0, n_estimators=10,
              random_state=None, subsample=0.5, verbose=0,
              warm_start=False)",0.83299652842503324,531.0024509429932
GB,"GradientBoostingClassifier(init=None, learning_rate=0.05, loss='deviance',
              max_depth=3, max_features=None, max_leaf_nodes=None,
              min_samples_leaf=1, min_samples_split=2,
              min_weight_fraction_leaf=0.0, n_estimators=100,
              random_state=None, subsample=0.1, verbose=0,
              warm_start=False)",0.85286533050870317,542.1839339733124
GB,"GradientBoostingClassifier(init=None, learning_rate=0.05, loss='deviance',
              max_depth=3, max_features=None, max_leaf_nodes=None,
              min_samples_leaf=1, min_samples_split=2,
              min_weight_fraction_leaf=0.0, n_estimators=100,
              random_state=None, subsample=0.5, verbose=0,
              warm_start=False)",0.85388294109664353,567.2971739768982
GB,"GradientBoostingClassifier(init=None, learning_rate=0.05, loss='deviance',
              max_depth=5, max_features=None, max_leaf_nodes=None,
              min_samples_leaf=1, min_samples_split=2,
              min_weight_fraction_leaf=0.0, n_estimators=1,
              random_state=None, subsample=0.1, verbose=0,
              warm_start=False)",0.81158893217436867,567.6480119228363
GB,"GradientBoostingClassifier(init=None, learning_rate=0.05, loss='deviance',
              max_depth=5, max_features=None, max_leaf_nodes=None,
              min_samples_leaf=1, min_samples_split=2,
              min_weight_fraction_leaf=0.0, n_estimators=1,
              random_state=None, subsample=0.5, verbose=0,
              warm_start=False)",0.83613466880847753,568.2425789833069
GB,"GradientBoostingClassifier(init=None, learning_rate=0.05, loss='deviance',
              max_depth=5, max_features=None, max_leaf_nodes=None,
              min_samples_leaf=1, min_samples_split=2,
              min_weight_fraction_leaf=0.0, n_estimators=10,
              random_state=None, subsample=0.1, verbose=0,
              warm_start=False)",0.84510251749982257,570.5204138755798
GB,"GradientBoostingClassifier(init=None, learning_rate=0.05, loss='deviance',
              max_depth=5, max_features=None, max_leaf_nodes=None,
              min_samples_leaf=1, min_samples_split=2,
              min_weight_fraction_leaf=0.0, n_estimators=10,
              random_state=None, subsample=0.5, verbose=0,
              warm_start=False)",0.84095379606374387,575.3578870296478
GB,"GradientBoostingClassifier(init=None, learning_rate=0.05, loss='deviance',
              max_depth=5, max_features=None, max_leaf_nodes=None,
              min_samples_leaf=1, min_samples_split=2,
              min_weight_fraction_leaf=0.0, n_estimators=100,
              random_state=None, subsample=0.1, verbose=0,
              warm_start=False)",0.85189620883241934,596.818598985672
GB,"GradientBoostingClassifier(init=None, learning_rate=0.05, loss='deviance',
              max_depth=5, max_features=None, max_leaf_nodes=None,
              min_samples_leaf=1, min_samples_split=2,
              min_weight_fraction_leaf=0.0, n_estimators=100,
              random_state=None, subsample=0.5, verbose=0,
              warm_start=False)",0.85598486844815569,649.4273040294647
GB,"GradientBoostingClassifier(init=None, learning_rate=0.05, loss='deviance',
              max_depth=10, max_features=None, max_leaf_nodes=None,
              min_samples_leaf=1, min_samples_split=2,
              min_weight_fraction_leaf=0.0, n_estimators=1,
              random_state=None, subsample=0.1, verbose=0,
              warm_start=False)",0.69959136427102731,651.355810880661
GB,"GradientBoostingClassifier(init=None, learning_rate=0.05, loss='deviance',
              max_depth=10, max_features=None, max_leaf_nodes=None,
              min_samples_leaf=1, min_samples_split=2,
              min_weight_fraction_leaf=0.0, n_estimators=1,
              random_state=None, subsample=0.5, verbose=0,
              warm_start=False)",0.78136995786008057,653.9064829349518
GB,"GradientBoostingClassifier(init=None, learning_rate=0.05, loss='deviance',
              max_depth=10, max_features=None, max_leaf_nodes=None,
              min_samples_leaf=1, min_samples_split=2,
              min_weight_fraction_leaf=0.0, n_estimators=10,
              random_state=None, subsample=0.1, verbose=0,
              warm_start=False)",0.84009502846226458,666.1016829013824
GB,"GradientBoostingClassifier(init=None, learning_rate=0.05, loss='deviance',
              max_depth=10, max_features=None, max_leaf_nodes=None,
              min_samples_leaf=1, min_samples_split=2,
              min_weight_fraction_leaf=0.0, n_estimators=10,
              random_state=None, subsample=0.5, verbose=0,
              warm_start=False)",0.84879434540328169,682.9835548400879
GB,"GradientBoostingClassifier(init=None, learning_rate=0.05, loss='deviance',
              max_depth=10, max_features=None, max_leaf_nodes=None,
              min_samples_leaf=1, min_samples_split=2,
              min_weight_fraction_leaf=0.0, n_estimators=100,
              random_state=None, subsample=0.1, verbose=0,
              warm_start=False)",0.84649703548826327,752.8220069408417
GB,"GradientBoostingClassifier(init=None, learning_rate=0.05, loss='deviance',
              max_depth=10, max_features=None, max_leaf_nodes=None,
              min_samples_leaf=1, min_samples_split=2,
              min_weight_fraction_leaf=0.0, n_estimators=100,
              random_state=None, subsample=0.5, verbose=0,
              warm_start=False)",0.85034921208188563,882.952702999115
GB,"GradientBoostingClassifier(init=None, learning_rate=0.1, loss='deviance',
              max_depth=1, max_features=None, max_leaf_nodes=None,
              min_samples_leaf=1, min_samples_split=2,
              min_weight_fraction_leaf=0.0, n_estimators=1,
              random_state=None, subsample=0.1, verbose=0,
              warm_start=False)",0.65429713567358549,883.1202218532562
GB,"GradientBoostingClassifier(init=None, learning_rate=0.1, loss='deviance',
              max_depth=1, max_features=None, max_leaf_nodes=None,
              min_samples_leaf=1, min_samples_split=2,
              min_weight_fraction_leaf=0.0, n_estimators=1,
              random_state=None, subsample=0.5, verbose=0,
              warm_start=False)",0.65429713567358549,883.326740026474
GB,"GradientBoostingClassifier(init=None, learning_rate=0.1, loss='deviance',
              max_depth=1, max_features=None, max_leaf_nodes=None,
              min_samples_leaf=1, min_samples_split=2,
              min_weight_fraction_leaf=0.0, n_estimators=10,
              random_state=None, subsample=0.1, verbose=0,
              warm_start=False)",0.80548728677462877,883.8388018608093
GB,"GradientBoostingClassifier(init=None, learning_rate=0.1, loss='deviance',
              max_depth=1, max_features=None, max_leaf_nodes=None,
              min_samples_leaf=1, min_samples_split=2,
              min_weight_fraction_leaf=0.0, n_estimators=10,
              random_state=None, subsample=0.5, verbose=0,
              warm_start=False)",0.81909766643764204,884.6451480388641
GB,"GradientBoostingClassifier(init=None, learning_rate=0.1, loss='deviance',
              max_depth=1, max_features=None, max_leaf_nodes=None,
              min_samples_leaf=1, min_samples_split=2,
              min_weight_fraction_leaf=0.0, n_estimators=100,
              random_state=None, subsample=0.1, verbose=0,
              warm_start=False)",0.85106194393246137,888.697958946228
GB,"GradientBoostingClassifier(init=None, learning_rate=0.1, loss='deviance',
              max_depth=1, max_features=None, max_leaf_nodes=None,
              min_samples_leaf=1, min_samples_split=2,
              min_weight_fraction_leaf=0.0, n_estimators=100,
              random_state=None, subsample=0.5, verbose=0,
              warm_start=False)",0.84958356174946048,897.4061808586121
GB,"GradientBoostingClassifier(init=None, learning_rate=0.1, loss='deviance',
              max_depth=3, max_features=None, max_leaf_nodes=None,
              min_samples_leaf=1, min_samples_split=2,
              min_weight_fraction_leaf=0.0, n_estimators=1,
              random_state=None, subsample=0.1, verbose=0,
              warm_start=False)",0.79599908614290205,897.590451002121
GB,"GradientBoostingClassifier(init=None, learning_rate=0.1, loss='deviance',
              max_depth=3, max_features=None, max_leaf_nodes=None,
              min_samples_leaf=1, min_samples_split=2,
              min_weight_fraction_leaf=0.0, n_estimators=1,
              random_state=None, subsample=0.5, verbose=0,
              warm_start=False)",0.79958333501849588,897.9168989658356
GB,"GradientBoostingClassifier(init=None, learning_rate=0.1, loss='deviance',
              max_depth=3, max_features=None, max_leaf_nodes=None,
              min_samples_leaf=1, min_samples_split=2,
              min_weight_fraction_leaf=0.0, n_estimators=10,
              random_state=None, subsample=0.1, verbose=0,
              warm_start=False)",0.83597136998954991,898.8764350414276
GB,"GradientBoostingClassifier(init=None, learning_rate=0.1, loss='deviance',
              max_depth=3, max_features=None, max_leaf_nodes=None,
              min_samples_leaf=1, min_samples_split=2,
              min_weight_fraction_leaf=0.0, n_estimators=10,
              random_state=None, subsample=0.5, verbose=0,
              warm_start=False)",0.8315317676080799,900.5172369480133
GB,"GradientBoostingClassifier(init=None, learning_rate=0.1, loss='deviance',
              max_depth=3, max_features=None, max_leaf_nodes=None,
              min_samples_leaf=1, min_samples_split=2,
              min_weight_fraction_leaf=0.0, n_estimators=100,
              random_state=None, subsample=0.1, verbose=0,
              warm_start=False)",0.85258382519508369,908.3691358566284
GB,"GradientBoostingClassifier(init=None, learning_rate=0.1, loss='deviance',
              max_depth=3, max_features=None, max_leaf_nodes=None,
              min_samples_leaf=1, min_samples_split=2,
              min_weight_fraction_leaf=0.0, n_estimators=100,
              random_state=None, subsample=0.5, verbose=0,
              warm_start=False)",0.85600190390980657,927.5691318511963
GB,"GradientBoostingClassifier(init=None, learning_rate=0.1, loss='deviance',
              max_depth=5, max_features=None, max_leaf_nodes=None,
              min_samples_leaf=1, min_samples_split=2,
              min_weight_fraction_leaf=0.0, n_estimators=1,
              random_state=None, subsample=0.1, verbose=0,
              warm_start=False)",0.82196635589117339,927.8382320404053
GB,"GradientBoostingClassifier(init=None, learning_rate=0.1, loss='deviance',
              max_depth=5, max_features=None, max_leaf_nodes=None,
              min_samples_leaf=1, min_samples_split=2,
              min_weight_fraction_leaf=0.0, n_estimators=1,
              random_state=None, subsample=0.5, verbose=0,
              warm_start=False)",0.83544200133513902,928.2535638809204
GB,"GradientBoostingClassifier(init=None, learning_rate=0.1, loss='deviance',
              max_depth=5, max_features=None, max_leaf_nodes=None,
              min_samples_leaf=1, min_samples_split=2,
              min_weight_fraction_leaf=0.0, n_estimators=10,
              random_state=None, subsample=0.1, verbose=0,
              warm_start=False)",0.84636594297119205,929.7476358413696
GB,"GradientBoostingClassifier(init=None, learning_rate=0.1, loss='deviance',
              max_depth=5, max_features=None, max_leaf_nodes=None,
              min_samples_leaf=1, min_samples_split=2,
              min_weight_fraction_leaf=0.0, n_estimators=10,
              random_state=None, subsample=0.5, verbose=0,
              warm_start=False)",0.84657502568756771,933.2112629413605
GB,"GradientBoostingClassifier(init=None, learning_rate=0.1, loss='deviance',
              max_depth=5, max_features=None, max_leaf_nodes=None,
              min_samples_leaf=1, min_samples_split=2,
              min_weight_fraction_leaf=0.0, n_estimators=100,
              random_state=None, subsample=0.1, verbose=0,
              warm_start=False)",0.8509773006237763,946.4387710094452
GB,"GradientBoostingClassifier(init=None, learning_rate=0.1, loss='deviance',
              max_depth=5, max_features=None, max_leaf_nodes=None,
              min_samples_leaf=1, min_samples_split=2,
              min_weight_fraction_leaf=0.0, n_estimators=100,
              random_state=None, subsample=0.5, verbose=0,
              warm_start=False)",0.85643838290153684,983.9950180053711
GB,"GradientBoostingClassifier(init=None, learning_rate=0.1, loss='deviance',
              max_depth=10, max_features=None, max_leaf_nodes=None,
              min_samples_leaf=1, min_samples_split=2,
              min_weight_fraction_leaf=0.0, n_estimators=1,
              random_state=None, subsample=0.1, verbose=0,
              warm_start=False)",0.69815942254232088,984.6348760128021
GB,"GradientBoostingClassifier(init=None, learning_rate=0.1, loss='deviance',
              max_depth=10, max_features=None, max_leaf_nodes=None,
              min_samples_leaf=1, min_samples_split=2,
              min_weight_fraction_leaf=0.0, n_estimators=1,
              random_state=None, subsample=0.5, verbose=0,
              warm_start=False)",0.79172802628104266,985.9704010486603
GB,"GradientBoostingClassifier(init=None, learning_rate=0.1, loss='deviance',
              max_depth=10, max_features=None, max_leaf_nodes=None,
              min_samples_leaf=1, min_samples_split=2,
              min_weight_fraction_leaf=0.0, n_estimators=10,
              random_state=None, subsample=0.1, verbose=0,
              warm_start=False)",0.83223462484368038,993.0373499393463
GB,"GradientBoostingClassifier(init=None, learning_rate=0.1, loss='deviance',
              max_depth=10, max_features=None, max_leaf_nodes=None,
              min_samples_leaf=1, min_samples_split=2,
              min_weight_fraction_leaf=0.0, n_estimators=10,
              random_state=None, subsample=0.5, verbose=0,
              warm_start=False)",0.84799568339260112,1008.4788410663605
GB,"GradientBoostingClassifier(init=None, learning_rate=0.1, loss='deviance',
              max_depth=10, max_features=None, max_leaf_nodes=None,
              min_samples_leaf=1, min_samples_split=2,
              min_weight_fraction_leaf=0.0, n_estimators=100,
              random_state=None, subsample=0.1, verbose=0,
              warm_start=False)",0.76729307267221147,1104.339968919754
GB,"GradientBoostingClassifier(init=None, learning_rate=0.1, loss='deviance',
              max_depth=10, max_features=None, max_leaf_nodes=None,
              min_samples_leaf=1, min_samples_split=2,
              min_weight_fraction_leaf=0.0, n_estimators=100,
              random_state=None, subsample=0.5, verbose=0,
              warm_start=False)",0.84244352354905705,1252.9753649234772
DT,"DecisionTreeClassifier(class_weight=None, criterion='gini', max_depth=1,
            max_features='sqrt', max_leaf_nodes=None, min_samples_leaf=1,
            min_samples_split=2, min_weight_fraction_leaf=0.0,
            random_state=None, splitter='best')",0.65429713567358549,0.05030703544616699
DT,"DecisionTreeClassifier(class_weight=None, criterion='gini', max_depth=1,
            max_features='sqrt', max_leaf_nodes=None, min_samples_leaf=1,
            min_samples_split=5, min_weight_fraction_leaf=0.0,
            random_state=None, splitter='best')",0.69948085262257964,0.14011001586914062
DT,"DecisionTreeClassifier(class_weight=None, criterion='gini', max_depth=1,
            max_features='sqrt', max_leaf_nodes=None, min_samples_leaf=1,
            min_samples_split=10, min_weight_fraction_leaf=0.0,
            random_state=None, splitter='best')",0.65429713567358549,0.1985938549041748
DT,"DecisionTreeClassifier(class_weight=None, criterion='gini', max_depth=1,
            max_features='log2', max_leaf_nodes=None, min_samples_leaf=1,
            min_samples_split=2, min_weight_fraction_leaf=0.0,
            random_state=None, splitter='best')",0.61959702956874663,0.26165199279785156
DT,"DecisionTreeClassifier(class_weight=None, criterion='gini', max_depth=1,
            max_features='log2', max_leaf_nodes=None, min_samples_leaf=1,
            min_samples_split=5, min_weight_fraction_leaf=0.0,
            random_state=None, splitter='best')",0.61959702956874663,0.29579782485961914
DT,"DecisionTreeClassifier(class_weight=None, criterion='gini', max_depth=1,
            max_features='log2', max_leaf_nodes=None, min_samples_leaf=1,
            min_samples_split=10, min_weight_fraction_leaf=0.0,
            random_state=None, splitter='best')",0.66742102422132743,0.34047389030456543
DT,"DecisionTreeClassifier(class_weight=None, criterion='gini', max_depth=5,
            max_features='sqrt', max_leaf_nodes=None, min_samples_leaf=1,
            min_samples_split=2, min_weight_fraction_leaf=0.0,
            random_state=None, splitter='best')",0.80594674525599608,0.5717499256134033
DT,"DecisionTreeClassifier(class_weight=None, criterion='gini', max_depth=5,
            max_features='sqrt', max_leaf_nodes=None, min_samples_leaf=1,
            min_samples_split=5, min_weight_fraction_leaf=0.0,
            random_state=None, splitter='best')",0.79238223703134336,0.8317320346832275
DT,"DecisionTreeClassifier(class_weight=None, criterion='gini', max_depth=5,
            max_features='sqrt', max_leaf_nodes=None, min_samples_leaf=1,
            min_samples_split=10, min_weight_fraction_leaf=0.0,
            random_state=None, splitter='best')",0.81718375945886135,1.0519108772277832
DT,"DecisionTreeClassifier(class_weight=None, criterion='gini', max_depth=5,
            max_features='log2', max_leaf_nodes=None, min_samples_leaf=1,
            min_samples_split=2, min_weight_fraction_leaf=0.0,
            random_state=None, splitter='best')",0.82151098557043878,1.258443832397461
DT,"DecisionTreeClassifier(class_weight=None, criterion='gini', max_depth=5,
            max_features='log2', max_leaf_nodes=None, min_samples_leaf=1,
            min_samples_split=5, min_weight_fraction_leaf=0.0,
            random_state=None, splitter='best')",0.79883394103359662,1.4867708683013916
DT,"DecisionTreeClassifier(class_weight=None, criterion='gini', max_depth=5,
            max_features='log2', max_leaf_nodes=None, min_samples_leaf=1,
            min_samples_split=10, min_weight_fraction_leaf=0.0,
            random_state=None, splitter='best')",0.81462020261134194,1.7247889041900635
DT,"DecisionTreeClassifier(class_weight=None, criterion='gini', max_depth=10,
            max_features='sqrt', max_leaf_nodes=None, min_samples_leaf=1,
            min_samples_split=2, min_weight_fraction_leaf=0.0,
            random_state=None, splitter='best')",0.81902451725082115,2.130746841430664
DT,"DecisionTreeClassifier(class_weight=None, criterion='gini', max_depth=10,
            max_features='sqrt', max_leaf_nodes=None, min_samples_leaf=1,
            min_samples_split=5, min_weight_fraction_leaf=0.0,
            random_state=None, splitter='best')",0.83296901431610848,2.6108310222625732
DT,"DecisionTreeClassifier(class_weight=None, criterion='gini', max_depth=10,
            max_features='sqrt', max_leaf_nodes=None, min_samples_leaf=1,
            min_samples_split=10, min_weight_fraction_leaf=0.0,
            random_state=None, splitter='best')",0.8158341324505568,3.0104119777679443
DT,"DecisionTreeClassifier(class_weight=None, criterion='gini', max_depth=10,
            max_features='log2', max_leaf_nodes=None, min_samples_leaf=1,
            min_samples_split=2, min_weight_fraction_leaf=0.0,
            random_state=None, splitter='best')",0.81382560249902014,3.473331928253174
DT,"DecisionTreeClassifier(class_weight=None, criterion='gini', max_depth=10,
            max_features='log2', max_leaf_nodes=None, min_samples_leaf=1,
            min_samples_split=5, min_weight_fraction_leaf=0.0,
            random_state=None, splitter='best')",0.82037467825869426,3.944800853729248
DT,"DecisionTreeClassifier(class_weight=None, criterion='gini', max_depth=10,
            max_features='log2', max_leaf_nodes=None, min_samples_leaf=1,
            min_samples_split=10, min_weight_fraction_leaf=0.0,
            random_state=None, splitter='best')",0.82196117346912967,4.280192852020264
DT,"DecisionTreeClassifier(class_weight=None, criterion='gini', max_depth=20,
            max_features='sqrt', max_leaf_nodes=None, min_samples_leaf=1,
            min_samples_split=2, min_weight_fraction_leaf=0.0,
            random_state=None, splitter='best')",0.60946475542443335,5.12011194229126
DT,"DecisionTreeClassifier(class_weight=None, criterion='gini', max_depth=20,
            max_features='sqrt', max_leaf_nodes=None, min_samples_leaf=1,
            min_samples_split=5, min_weight_fraction_leaf=0.0,
            random_state=None, splitter='best')",0.64378890832472235,5.775022983551025
DT,"DecisionTreeClassifier(class_weight=None, criterion='gini', max_depth=20,
            max_features='sqrt', max_leaf_nodes=None, min_samples_leaf=1,
            min_samples_split=10, min_weight_fraction_leaf=0.0,
            random_state=None, splitter='best')",0.66582486449410783,6.388640880584717
DT,"DecisionTreeClassifier(class_weight=None, criterion='gini', max_depth=20,
            max_features='log2', max_leaf_nodes=None, min_samples_leaf=1,
            min_samples_split=2, min_weight_fraction_leaf=0.0,
            random_state=None, splitter='best')",0.60318026331991459,7.029932975769043
DT,"DecisionTreeClassifier(class_weight=None, criterion='gini', max_depth=20,
            max_features='log2', max_leaf_nodes=None, min_samples_leaf=1,
            min_samples_split=5, min_weight_fraction_leaf=0.0,
            random_state=None, splitter='best')",0.63007061697837452,7.638933897018433
DT,"DecisionTreeClassifier(class_weight=None, criterion='gini', max_depth=20,
            max_features='log2', max_leaf_nodes=None, min_samples_leaf=1,
            min_samples_split=10, min_weight_fraction_leaf=0.0,
            random_state=None, splitter='best')",0.65738635819490021,8.293299913406372
DT,"DecisionTreeClassifier(class_weight=None, criterion='gini', max_depth=50,
            max_features='sqrt', max_leaf_nodes=None, min_samples_leaf=1,
            min_samples_split=2, min_weight_fraction_leaf=0.0,
            random_state=None, splitter='best')",0.60760210365015677,8.97902798652649
DT,"DecisionTreeClassifier(class_weight=None, criterion='gini', max_depth=50,
            max_features='sqrt', max_leaf_nodes=None, min_samples_leaf=1,
            min_samples_split=5, min_weight_fraction_leaf=0.0,
            random_state=None, splitter='best')",0.62800219153422998,9.547086000442505
DT,"DecisionTreeClassifier(class_weight=None, criterion='gini', max_depth=50,
            max_features='sqrt', max_leaf_nodes=None, min_samples_leaf=1,
            min_samples_split=10, min_weight_fraction_leaf=0.0,
            random_state=None, splitter='best')",0.67237603248160049,10.21801495552063
DT,"DecisionTreeClassifier(class_weight=None, criterion='gini', max_depth=50,
            max_features='log2', max_leaf_nodes=None, min_samples_leaf=1,
            min_samples_split=2, min_weight_fraction_leaf=0.0,
            random_state=None, splitter='best')",0.60611484481858724,10.871878862380981
DT,"DecisionTreeClassifier(class_weight=None, criterion='gini', max_depth=50,
            max_features='log2', max_leaf_nodes=None, min_samples_leaf=1,
            min_samples_split=5, min_weight_fraction_leaf=0.0,
            random_state=None, splitter='best')",0.63504535696041564,11.538233041763306
DT,"DecisionTreeClassifier(class_weight=None, criterion='gini', max_depth=50,
            max_features='log2', max_leaf_nodes=None, min_samples_leaf=1,
            min_samples_split=10, min_weight_fraction_leaf=0.0,
            random_state=None, splitter='best')",0.66802560802810396,12.18442702293396
DT,"DecisionTreeClassifier(class_weight=None, criterion='entropy', max_depth=1,
            max_features='sqrt', max_leaf_nodes=None, min_samples_leaf=1,
            min_samples_split=2, min_weight_fraction_leaf=0.0,
            random_state=None, splitter='best')",0.66742102422132743,12.258295059204102
DT,"DecisionTreeClassifier(class_weight=None, criterion='entropy', max_depth=1,
            max_features='sqrt', max_leaf_nodes=None, min_samples_leaf=1,
            min_samples_split=5, min_weight_fraction_leaf=0.0,
            random_state=None, splitter='best')",0.61959702956874663,12.333086967468262
DT,"DecisionTreeClassifier(class_weight=None, criterion='entropy', max_depth=1,
            max_features='sqrt', max_leaf_nodes=None, min_samples_leaf=1,
            min_samples_split=10, min_weight_fraction_leaf=0.0,
            random_state=None, splitter='best')",0.65429713567358549,12.404651880264282
DT,"DecisionTreeClassifier(class_weight=None, criterion='entropy', max_depth=1,
            max_features='log2', max_leaf_nodes=None, min_samples_leaf=1,
            min_samples_split=2, min_weight_fraction_leaf=0.0,
            random_state=None, splitter='best')",0.61959702956874663,12.442806005477905
DT,"DecisionTreeClassifier(class_weight=None, criterion='entropy', max_depth=1,
            max_features='log2', max_leaf_nodes=None, min_samples_leaf=1,
            min_samples_split=5, min_weight_fraction_leaf=0.0,
            random_state=None, splitter='best')",0.66742102422132743,12.529419898986816
DT,"DecisionTreeClassifier(class_weight=None, criterion='entropy', max_depth=1,
            max_features='log2', max_leaf_nodes=None, min_samples_leaf=1,
            min_samples_split=10, min_weight_fraction_leaf=0.0,
            random_state=None, splitter='best')",0.65429713567358549,12.582728862762451
DT,"DecisionTreeClassifier(class_weight=None, criterion='entropy', max_depth=5,
            max_features='sqrt', max_leaf_nodes=None, min_samples_leaf=1,
            min_samples_split=2, min_weight_fraction_leaf=0.0,
            random_state=None, splitter='best')",0.80249233706241863,12.870858907699585
DT,"DecisionTreeClassifier(class_weight=None, criterion='entropy', max_depth=5,
            max_features='sqrt', max_leaf_nodes=None, min_samples_leaf=1,
            min_samples_split=5, min_weight_fraction_leaf=0.0,
            random_state=None, splitter='best')",0.82522227381883617,13.208523035049438
DT,"DecisionTreeClassifier(class_weight=None, criterion='entropy', max_depth=5,
            max_features='sqrt', max_leaf_nodes=None, min_samples_leaf=1,
            min_samples_split=10, min_weight_fraction_leaf=0.0,
            random_state=None, splitter='best')",0.81505181432831497,13.567426919937134
DT,"DecisionTreeClassifier(class_weight=None, criterion='entropy', max_depth=5,
            max_features='log2', max_leaf_nodes=None, min_samples_leaf=1,
            min_samples_split=2, min_weight_fraction_leaf=0.0,
            random_state=None, splitter='best')",0.82466770213560081,14.03745698928833
DT,"DecisionTreeClassifier(class_weight=None, criterion='entropy', max_depth=5,
            max_features='log2', max_leaf_nodes=None, min_samples_leaf=1,
            min_samples_split=5, min_weight_fraction_leaf=0.0,
            random_state=None, splitter='best')",0.80801405893054667,14.288355827331543
DT,"DecisionTreeClassifier(class_weight=None, criterion='entropy', max_depth=5,
            max_features='log2', max_leaf_nodes=None, min_samples_leaf=1,
            min_samples_split=10, min_weight_fraction_leaf=0.0,
            random_state=None, splitter='best')",0.82603198349272522,14.719523906707764
DT,"DecisionTreeClassifier(class_weight=None, criterion='entropy', max_depth=10,
            max_features='sqrt', max_leaf_nodes=None, min_samples_leaf=1,
            min_samples_split=2, min_weight_fraction_leaf=0.0,
            random_state=None, splitter='best')",0.80510547708300595,15.580659866333008
DT,"DecisionTreeClassifier(class_weight=None, criterion='entropy', max_depth=10,
            max_features='sqrt', max_leaf_nodes=None, min_samples_leaf=1,
            min_samples_split=5, min_weight_fraction_leaf=0.0,
            random_state=None, splitter='best')",0.81718656952216551,16.227840900421143
DT,"DecisionTreeClassifier(class_weight=None, criterion='entropy', max_depth=10,
            max_features='sqrt', max_leaf_nodes=None, min_samples_leaf=1,
            min_samples_split=10, min_weight_fraction_leaf=0.0,
            random_state=None, splitter='best')",0.8138881767435624,16.92453384399414
DT,"DecisionTreeClassifier(class_weight=None, criterion='entropy', max_depth=10,
            max_features='log2', max_leaf_nodes=None, min_samples_leaf=1,
            min_samples_split=2, min_weight_fraction_leaf=0.0,
            random_state=None, splitter='best')",0.8147415255625331,17.70117688179016
DT,"DecisionTreeClassifier(class_weight=None, criterion='entropy', max_depth=10,
            max_features='log2', max_leaf_nodes=None, min_samples_leaf=1,
            min_samples_split=5, min_weight_fraction_leaf=0.0,
            random_state=None, splitter='best')",0.81741669707400277,18.418463945388794
DT,"DecisionTreeClassifier(class_weight=None, criterion='entropy', max_depth=10,
            max_features='log2', max_leaf_nodes=None, min_samples_leaf=1,
            min_samples_split=10, min_weight_fraction_leaf=0.0,
            random_state=None, splitter='best')",0.8139062014175289,19.164058923721313
DT,"DecisionTreeClassifier(class_weight=None, criterion='entropy', max_depth=20,
            max_features='sqrt', max_leaf_nodes=None, min_samples_leaf=1,
            min_samples_split=2, min_weight_fraction_leaf=0.0,
            random_state=None, splitter='best')",0.61310383117377776,20.44371199607849
DT,"DecisionTreeClassifier(class_weight=None, criterion='entropy', max_depth=20,
            max_features='sqrt', max_leaf_nodes=None, min_samples_leaf=1,
            min_samples_split=5, min_weight_fraction_leaf=0.0,
            random_state=None, splitter='best')",0.63692402872175335,21.754618883132935
DT,"DecisionTreeClassifier(class_weight=None, criterion='entropy', max_depth=20,
            max_features='sqrt', max_leaf_nodes=None, min_samples_leaf=1,
            min_samples_split=10, min_weight_fraction_leaf=0.0,
            random_state=None, splitter='best')",0.6782066687231777,23.047322034835815
DT,"DecisionTreeClassifier(class_weight=None, criterion='entropy', max_depth=20,
            max_features='log2', max_leaf_nodes=None, min_samples_leaf=1,
            min_samples_split=2, min_weight_fraction_leaf=0.0,
            random_state=None, splitter='best')",0.64614203432580752,24.163935899734497
DT,"DecisionTreeClassifier(class_weight=None, criterion='entropy', max_depth=20,
            max_features='log2', max_leaf_nodes=None, min_samples_leaf=1,
            min_samples_split=5, min_weight_fraction_leaf=0.0,
            random_state=None, splitter='best')",0.64664868611332027,25.438803911209106
DT,"DecisionTreeClassifier(class_weight=None, criterion='entropy', max_depth=20,
            max_features='log2', max_leaf_nodes=None, min_samples_leaf=1,
            min_samples_split=10, min_weight_fraction_leaf=0.0,
            random_state=None, splitter='best')",0.66611725114320119,26.87379503250122
DT,"DecisionTreeClassifier(class_weight=None, criterion='entropy', max_depth=50,
            max_features='sqrt', max_leaf_nodes=None, min_samples_leaf=1,
            min_samples_split=2, min_weight_fraction_leaf=0.0,
            random_state=None, splitter='best')",0.60733664458587211,28.165930032730103
DT,"DecisionTreeClassifier(class_weight=None, criterion='entropy', max_depth=50,
            max_features='sqrt', max_leaf_nodes=None, min_samples_leaf=1,
            min_samples_split=5, min_weight_fraction_leaf=0.0,
            random_state=None, splitter='best')",0.62394078340468018,29.49131989479065
DT,"DecisionTreeClassifier(class_weight=None, criterion='entropy', max_depth=50,
            max_features='sqrt', max_leaf_nodes=None, min_samples_leaf=1,
            min_samples_split=10, min_weight_fraction_leaf=0.0,
            random_state=None, splitter='best')",0.65624800242579373,30.64212703704834
DT,"DecisionTreeClassifier(class_weight=None, criterion='entropy', max_depth=50,
            max_features='log2', max_leaf_nodes=None, min_samples_leaf=1,
            min_samples_split=2, min_weight_fraction_leaf=0.0,
            random_state=None, splitter='best')",0.61176546192687242,31.83524799346924
DT,"DecisionTreeClassifier(class_weight=None, criterion='entropy', max_depth=50,
            max_features='log2', max_leaf_nodes=None, min_samples_leaf=1,
            min_samples_split=5, min_weight_fraction_leaf=0.0,
            random_state=None, splitter='best')",0.62350773601673537,32.92641496658325
DT,"DecisionTreeClassifier(class_weight=None, criterion='entropy', max_depth=50,
            max_features='log2', max_leaf_nodes=None, min_samples_leaf=1,
            min_samples_split=10, min_weight_fraction_leaf=0.0,
            random_state=None, splitter='best')",0.64992871280839648,34.167497873306274
SVM,"LinearSVC(C=0.001, class_weight=None, dual=False, fit_intercept=True,
     intercept_scaling=1, loss='squared_hinge', max_iter=1000,
     multi_class='ovr', penalty='l1', random_state=0, tol=0.0001,
     verbose=0)",0.69341036303374159,3.481851100921631
SVM,"LinearSVC(C=0.001, class_weight=None, dual=False, fit_intercept=True,
     intercept_scaling=1, loss='squared_hinge', max_iter=1000,
     multi_class='ovr', penalty='l2', random_state=0, tol=0.0001,
     verbose=0)",0.64786182808431891,4.673532962799072
SVM,"LinearSVC(C=0.01, class_weight=None, dual=False, fit_intercept=True,
     intercept_scaling=1, loss='squared_hinge', max_iter=1000,
     multi_class='ovr', penalty='l1', random_state=0, tol=0.0001,
     verbose=0)",0.69201841874814007,7.067860126495361
SVM,"LinearSVC(C=0.01, class_weight=None, dual=False, fit_intercept=True,
     intercept_scaling=1, loss='squared_hinge', max_iter=1000,
     multi_class='ovr', penalty='l2', random_state=0, tol=0.0001,
     verbose=0)",0.64786181933022768,8.282076120376587
SVM,"LinearSVC(C=0.1, class_weight=None, dual=False, fit_intercept=True,
     intercept_scaling=1, loss='squared_hinge', max_iter=1000,
     multi_class='ovr', penalty='l1', random_state=0, tol=0.0001,
     verbose=0)",0.68991428536562283,11.612131118774414
SVM,"LinearSVC(C=0.1, class_weight=None, dual=False, fit_intercept=True,
     intercept_scaling=1, loss='squared_hinge', max_iter=1000,
     multi_class='ovr', penalty='l2', random_state=0, tol=0.0001,
     verbose=0)",0.64786244962480044,12.802541017532349
SVM,"LinearSVC(C=1, class_weight=None, dual=False, fit_intercept=True,
     intercept_scaling=1, loss='squared_hinge', max_iter=1000,
     multi_class='ovr', penalty='l1', random_state=0, tol=0.0001,
     verbose=0)",0.6925828125218032,14.756679058074951
SVM,"LinearSVC(C=1, class_weight=None, dual=False, fit_intercept=True,
     intercept_scaling=1, loss='squared_hinge', max_iter=1000,
     multi_class='ovr', penalty='l2', random_state=0, tol=0.0001,
     verbose=0)",0.64786244087070921,15.934425115585327
